{
  "auth" : {
    "transaction" : "auth",
    "sampleCount" : 200,
    "errorCount" : 1,
    "errorPct" : 0.5,
    "meanResTime" : 20123.245000000014,
    "medianResTime" : 18761.5,
    "minResTime" : 1957.0,
    "maxResTime" : 58658.0,
    "pct1ResTime" : 29160.3,
    "pct2ResTime" : 32747.89999999999,
    "pct3ResTime" : 55548.43000000001,
    "throughput" : 3.3591427467710244,
    "receivedKBytesPerSec" : 2.5897711216597523,
    "sentKBytesPerSec" : 0.8290587367103915
  },
  "create booking" : {
    "transaction" : "create booking",
    "sampleCount" : 200,
    "errorCount" : 0,
    "errorPct" : 0.0,
    "meanResTime" : 489.1550000000001,
    "medianResTime" : 292.0,
    "minResTime" : 279.0,
    "maxResTime" : 15254.0,
    "pct1ResTime" : 335.9,
    "pct2ResTime" : 576.8,
    "pct3ResTime" : 8995.42000000001,
    "throughput" : 3.575003575003575,
    "receivedKBytesPerSec" : 3.3121849528099525,
    "sentKBytesPerSec" : 1.6234147093522093
  },
  "update booking" : {
    "transaction" : "update booking",
    "sampleCount" : 200,
    "errorCount" : 1,
    "errorPct" : 0.5,
    "meanResTime" : 314.72500000000014,
    "medianResTime" : 294.0,
    "minResTime" : 280.0,
    "maxResTime" : 1812.0,
    "pct1ResTime" : 328.6,
    "pct2ResTime" : 344.95,
    "pct3ResTime" : 861.8100000000011,
    "throughput" : 4.756129461843951,
    "receivedKBytesPerSec" : 4.278774769030463,
    "sentKBytesPerSec" : 2.3312698048203373
  },
  "Total" : {
    "transaction" : "Total",
    "sampleCount" : 1200,
    "errorCount" : 3,
    "errorPct" : 0.25,
    "meanResTime" : 3663.6025000000004,
    "medianResTime" : 294.0,
    "minResTime" : 278.0,
    "maxResTime" : 58658.0,
    "pct1ResTime" : 16928.8,
    "pct2ResTime" : 22507.850000000002,
    "pct3ResTime" : 31914.680000000004,
    "throughput" : 19.661172461251105,
    "receivedKBytesPerSec" : 17.354680767072452,
    "sentKBytesPerSec" : 6.043570489399351
  },
  "updateBookingByPatch" : {
    "transaction" : "updateBookingByPatch",
    "sampleCount" : 200,
    "errorCount" : 1,
    "errorPct" : 0.5,
    "meanResTime" : 320.50499999999977,
    "medianResTime" : 294.0,
    "minResTime" : 278.0,
    "maxResTime" : 3444.0,
    "pct1ResTime" : 333.0,
    "pct2ResTime" : 343.95,
    "pct3ResTime" : 582.97,
    "throughput" : 4.7555640098915735,
    "receivedKBytesPerSec" : 4.279357434135439,
    "sentKBytesPerSec" : 1.5089859725722847
  },
  "get booking" : {
    "transaction" : "get booking",
    "sampleCount" : 400,
    "errorCount" : 0,
    "errorPct" : 0.0,
    "meanResTime" : 366.99249999999984,
    "medianResTime" : 292.0,
    "minResTime" : 278.0,
    "maxResTime" : 12099.0,
    "pct1ResTime" : 321.90000000000003,
    "pct2ResTime" : 337.9,
    "pct3ResTime" : 1370.7500000000048,
    "throughput" : 7.704308634603902,
    "receivedKBytesPerSec" : 6.930736610152353,
    "sentKBytesPerSec" : 1.2940830909686243
  }
}