{
  "auth" : {
    "transaction" : "auth",
    "sampleCount" : 100,
    "errorCount" : 0,
    "errorPct" : 0.0,
    "meanResTime" : 1227.39,
    "medianResTime" : 1144.5,
    "minResTime" : 1108.0,
    "maxResTime" : 2777.0,
    "pct1ResTime" : 1558.100000000001,
    "pct2ResTime" : 1843.0,
    "pct3ResTime" : 2772.4799999999977,
    "throughput" : 9.237021984112323,
    "receivedKBytesPerSec" : 7.002095649362645,
    "sentKBytesPerSec" : 2.291214437465361
  },
  "create booking" : {
    "transaction" : "create booking",
    "sampleCount" : 100,
    "errorCount" : 0,
    "errorPct" : 0.0,
    "meanResTime" : 285.84000000000003,
    "medianResTime" : 286.0,
    "minResTime" : 277.0,
    "maxResTime" : 295.0,
    "pct1ResTime" : 291.0,
    "pct2ResTime" : 292.0,
    "pct3ResTime" : 295.0,
    "throughput" : 10.850694444444445,
    "receivedKBytesPerSec" : 10.025448269314237,
    "sentKBytesPerSec" : 4.927317301432292
  },
  "update booking" : {
    "transaction" : "update booking",
    "sampleCount" : 100,
    "errorCount" : 0,
    "errorPct" : 0.0,
    "meanResTime" : 287.01,
    "medianResTime" : 287.0,
    "minResTime" : 278.0,
    "maxResTime" : 307.0,
    "pct1ResTime" : 292.9,
    "pct2ResTime" : 294.0,
    "pct3ResTime" : 306.92999999999995,
    "throughput" : 10.837758751490192,
    "receivedKBytesPerSec" : 9.73831892814566,
    "sentKBytesPerSec" : 5.302458139156823
  },
  "Total" : {
    "transaction" : "Total",
    "sampleCount" : 600,
    "errorCount" : 0,
    "errorPct" : 0.0,
    "meanResTime" : 443.02666666666653,
    "medianResTime" : 287.0,
    "minResTime" : 277.0,
    "maxResTime" : 2777.0,
    "pct1ResTime" : 1138.0,
    "pct2ResTime" : 1154.0,
    "pct3ResTime" : 1843.0,
    "throughput" : 48.93564962074871,
    "receivedKBytesPerSec" : 43.03342406818368,
    "sentKBytesPerSec" : 15.021587757931654
  },
  "updateBookingByPatch" : {
    "transaction" : "updateBookingByPatch",
    "sampleCount" : 100,
    "errorCount" : 0,
    "errorPct" : 0.0,
    "meanResTime" : 286.2200000000002,
    "medianResTime" : 287.0,
    "minResTime" : 278.0,
    "maxResTime" : 298.0,
    "pct1ResTime" : 291.0,
    "pct2ResTime" : 294.0,
    "pct3ResTime" : 298.0,
    "throughput" : 10.827197921177998,
    "receivedKBytesPerSec" : 9.739402880034646,
    "sentKBytesPerSec" : 3.425793092247726
  },
  "get booking" : {
    "transaction" : "get booking",
    "sampleCount" : 200,
    "errorCount" : 0,
    "errorPct" : 0.0,
    "meanResTime" : 285.85,
    "medianResTime" : 286.0,
    "minResTime" : 277.0,
    "maxResTime" : 303.0,
    "pct1ResTime" : 291.0,
    "pct2ResTime" : 293.0,
    "pct3ResTime" : 297.97,
    "throughput" : 19.8373338623289,
    "receivedKBytesPerSec" : 17.816405475104144,
    "sentKBytesPerSec" : 3.3126797758381272
  }
}